hate	noHate	I can give you her Skype and she will answer all your questions .
hate	hate	I know exactly what you 're saying , I just hate to see those worthless apes benefit from the great things that whites do .
hate	noHate	Norway : 3.3 ( 2001 ) , 3.9 ( 2002 ) , 3.5 ( 2003 ) , 1.8 ( 2004 ) . ( assuming population of 4.5 million ) Sweden : 2.6 ( 2001 ) , 3.7 ( 2002 ) , 3.5 ( 2003 ) , 2.6 ( 2004 ) . ( assuming population of 8.9 million ) Iceland is at about 0.2 .
noHate	noHate	I used to enter horse competitions until I was thrown off one and broke my leg .
hate	hate	And the sad thing is the white students at those schools will act like that too .
noHate	noHate	Now, young man !
noHate	noHate	During the early punk scene , he was always seen decked out in a Union flag blazer , then all a sudden , an instant nationality transplant .
noHate	hate	Lying Marxists !
hate	hate	Black and Asian immigrants who are coming in and those who were borne here and their breading patterns are the threat to our gene pool and not other white Europeans such as polish people .
hate	noHate	i used to post on here a few years back as kruger but for some reason i cant register with that name so here goes with the new one 88 to all i know and to those i will meet
noHate	noHate	Find other gardeners , wild plant enthusiasts , and fellow believers in your area who you can band with .
hate	noHate	You do not have to wait for this law to pass since already you would be expelled from your school for doing the above under some sort of hostile school environment clause , as you would at most places of work .
noHate	noHate	That's all I needed to hear .
noHate	noHate	Latha math dhuibh agus dè tha dol agad fhèin , a Phàdruig/Hello Pat , how are you ?
hate	hate	Let mother nature evolve these people naturally because no amount of money or aid is going to drag these ' things ' into the civilized world where they serve absolutely no purpose .
hate	hate	WE GOT MONEY AROUND HERE TOO Compton Crips Pt.1 - YouTube These negroes are in the middle of the street , seems like something of a zoo , playing with their cheap lowriders .
hate	hate	May they just need to turn these savages loose , justice will take care of itself .
hate	hate	Gay marriage has no place in any society , regardless of your race and culture.It destroys , morals , values , and the future of your offspring that will keep your race and culture alive.Regardless of your race and culture , homosexuality and gay marriage is the genocide of mankind .
hate	hate	the kind of perversion that leads to homosexuality also leads to pedophilia. why take the risk , and even if the homosexuals turned out not to be pedophiles why would anyone want a child to live with two perverts .
hate	hate	Perhaps I should walk back into my H.S. when it starts Monday and get on the P.A. system and say I want to tie all * * * * * * s to the back of my car and drag them across the ground till they die , and then say I 'm joking .
noHate	noHate	I've followed Mr. Kievsky 's adventures through VNN for the last couple years .
hate	noHate	More likely they 're afraid of having to marry and deal with a snotty GI-Jane-dyke , only to be dragged into court and have the kids and house taken a few years later .
noHate	hate	http://www.abc25.com/Global/story.asp ? S = 5352185 Non whites commit far more crimes against whites each year but its never considered a hate crime and alot of them never spend any time in jail !
hate	hate	When the non-whites come we should stand together and send em packing , like they do to us .
noHate	noHate	Saul Kassin : `` False confessions '' https : //www.youtube.com/watch ? v = JDRRwFfJKkw The Vera Institute of Justice 's Neil A. Weiner Research Department Speaker Series presents Saul Kassin , Distinguished Professor of Psychology at John Jay College of Criminal Justice .
hate	hate	All we have is blacks and a few mestizos and all are pretty well behaved , we keep them that way around here
hate	noHate	And all those holes below 40,000 feet are filled with oil instead of water .
noHate	noHate	The idea that homeschooled kids do n't get socialized is ludicrous .
noHate	noHate	I caught this on youtube , I 'm sure someone has posted this at some point on here but it deserves reiteration .
hate	hate	Actually Monkeys and Apes are more noble creatures and rarely act violent it really is unfare to the Monkeys and Apes to be compared with subhuman Negroids who are by contrast very murderous .
noHate	noHate	The Neolithic farmers who migrated into Europe originated in Anatolia .
noHate	noHate	I've been following the events in Ukraine and have noticed some troops using the SKS .
hate	hate	I going to get homeschooled tired of looney lefty teachers and the negroes
hate	hate	oddly i would find it worst if she here black , since Negroes are the most inferior and scum bag humanoid race in our planet .
hate	hate	When they sent n iggers to space the space ships started blowing up .
noHate	noHate	Invictus Press Home Page
hate	noHate	The students should be able to express themselves .
noHate	noHate	KC skin boy looking for KC skin girl .
noHate	noHate	It 's a nationalist site as well , maybe give them a try !
hate	noHate	The brutality of his crime and his lack of remorse made Jackson the `` model candidate for death in the gas house , '' one columnist wrote after his death sentence was upheld by the state 's highest court .
hate	hate	that prince who married that asian is a freak. imagine his half and half kids growing up and trying to marry into other royal families
hate	hate	There's no way to stop them from coming to Canada all that is needed is proof of ownership of a house in India , africa etc and they can enter in on a tourist visa .
noHate	noHate	Dare to speak out in a country with supposed free speech and you 're labelled a bigot !
noHate	noHate	I cannot imagine how revolting it must be - the PC dialogue at your university -- idolizing athletes who dont belong in college -- white women getting pregnant with freaks
noHate	noHate	88 all , this is my first post and i 've read this whole thread so i guess I have a few comment 's , let 's start , shall we ?
noHate	hate	You got that right in one go.Lets hope he gets well soon and on his way home If you do n't have these apes in your great Country then count your blessings
noHate	noHate	I read a few things about him awhile back and he is far to the left as so many of them are .
noHate	noHate	Excellent Article !! * * * * * Why Were n't They In Jail ?
noHate	noHate	Do ` F * ck with our families , buckwheat !!
hate	hate	White town saved by the magic negroes of Afreakkaland .
noHate	noHate	Maybe you should look there or just move here to miss. Or more specifically Tupelo .
noHate	noHate	Little kids all decked out in their costumes .
noHate	hate	Someone Please Tell me what can be done or which people to tell that the Mexicans and or other hispanics here are undercutting price quotes on Good working People .
hate	hate	God 's own divine intervention , aided by Jewish money swindled from the goyim .
noHate	noHate	I do n't know about you but I rather fight a 2m swedish male than a 1.70m asian kung fu expert .
noHate	hate	YouTube - Brussels on 9/11 : For a free Europe , against Islamization
hate	hate	What makes it suck are the Jews that run it and the Blacks that play in it .
noHate	noHate	I thought there was talk not too long ago about Putin extending the terms to stay in office ?
noHate	hate	Apparently the Jews ca n't take it when the truth is spoken about them .
noHate	noHate	You could try looking at the National socialist and Fascist Resource Centre at http://www.ufc.co.uk They cover a whole range of educational material .
hate	hate	Seeing the teams of white nations have black players in their ranks is a depressing site to see.They should be representing the best of our nations not the worst
noHate	noHate	I' v checked them out but could n't find much but apparently they have presence in Britain .
hate	hate	We do not want `` assimilation '' .
noHate	noHate	Nothing happened except I got an 88 % on the paper .
noHate	noHate	I enjoyed playing the game when I was a kid , but I never enjoyed watching it on TV .
hate	hate	We all know that when their are too many ethnics , the neighbourhood soon turn 's into a slum .
hate	hate	Nevermind, found the new page Knew it had to be a groid .... any report of rape ?
hate	hate	No need to allow FACTS to get in the way of a good White guilt message ! ... and the jew laughs loudly !
noHate	noHate	hi read your post and my name is james from australia , and would like to well write to such a pleasent person as yourself have a nice day !
noHate	noHate	I live in AR .
hate	hate	I went outside and the niglet 's mom told me my daughter had hit her first .
noHate	hate	Maybe spread some HATE and intolerance ?
hate	hate	This is ARKANSAS they have no right to smell up my place with their chinese restaurant BO ~ ▲ RESTORE ORDER ▲ ~
noHate	noHate	If anyone can tell what happened on this lake ?
hate	hate	Its disgusting they these foreigners come over here , stamp their feet and jump above good Irish families and get what they want .
noHate	noHate	YouTube - Teacher Attacked for Being White 9 year old attacks white teacher , explicitly `` because she was white . ''
hate	noHate	They do not want all of us to find out how she was raped and tortured .
noHate	noHate	Hey, I 'm looking to meet new people maybe find myself a nice white boy .
hate	hate	Thanks to the imported filth that , like our land under its current occupation .
hate	hate	About the Chinese , those who remain in their own country are good , those who become illegal immigrants in white nations are bad .
noHate	noHate	American Media appears to have a blackout on these developments .
hate	hate	That or it might be that Blacks have smaller brains and an IQ 15-30 points lower than that of White people on average .
noHate	noHate	Apparently young kids pick languages up very quickly .
noHate	noHate	We just do n't like what we see .
noHate	hate	I 've always considered teaching as one of the professions I would like to get into , but not in a neighbourhood like that ... never. kids like that disgust me .
noHate	noHate	2508
noHate	hate	It 's just the way they are .
hate	noHate	i do this and the looks i get out of disgust are regular but i happily carry on walking and laugh them off , they think showing me a few pictures of negro kids on a poster without a burger is going to make me want to give money to them ?
hate	hate	The islamic disease is even more dangerous than the more obvious black or yellow disease .
hate	noHate	They almost always choose to identify with blacks more than whites .
hate	noHate	Amen brother ..... you did say it like you been there ... they talk crap and if you show fear they 'll be on ya fast .
hate	hate	Indeed, now they just need to feed themselves , educate themselves , police themselves ad nauseum ......
hate	hate	The kind of savagery against females that has become expected from negroids in todays society ...
noHate	noHate	Seems none of these pinheads wanted to get dirty .
noHate	hate	He got what he deserved .
noHate	noHate	This is my next read .
hate	hate	Their stories have been told before , so instead of showing the pics of the non WHITE garbage that took from them , I am just going to post their pics so they will not be forgotten .
noHate	noHate	I have to say I was shocked when he said the kids at his ( Junior ) school spoke 31 different languages and teachers have had to devise a system of hand signals to communicate !
hate	hate	how the hell are they going to integrate into Irish society ? They come from a dirt poor medieval country and have spent the last 3 years living in a refugee camp.what skills are they going to bring here ?
hate	hate	These feral negroes stalk white women , rape and kill and , no one seems willing to stop them .
noHate	noHate	Thank you brother .
hate	hate	Hopefully they will get deportation orders and be on the next flight back to Cairo .
noHate	noHate	I can get a ride to see you some time this summer if that is cool i need to get up with someone in NJ as it is his name is HAL i have talk to him but i want to meet him so when i go to see him I can stop to see you if that is ok
noHate	noHate	An even smaller pellet is probably ideal , #4 Buck , perhaps .
noHate	hate	Hell to have a teacher like this .
noHate	noHate	I've got two knife blocks on the counter .
noHate	noHate	Perhaps people will take you more seriously if you do n't make as many grammar errors and using repulsive language .
hate	noHate	It has everything to do with RACE .
hate	hate	I just wanted to say hello to The Jew is Evil .
noHate	noHate	The school did not cause my much trouble because it was elementary school .
noHate	hate	Negroids could n't put together a bake sale properly much less a work force .
hate	noHate	I mean they intentionally chose this house knowing there were white people living there .
hate	hate	The jew media likes to prop this whites becoming the minority non sense up because they want to try and scare whitey , the media plays on the fears that the average retard thinks hispanic or latino is a race and they play word play with titles like white hispanic and white non hispanic it is all a magic show nothing more .. But Whites becoming a minority in Europe the homeland is a much more serious issue that concerns me greatly .
hate	hate	Just let Shaniqua leave her kids home to burn the house down while she goes to da club .
noHate	noHate	I lived in texas when i was younger , i know how tough some things can get . `` rasslin animals '' is half the fun
hate	hate	Just watch them at North America and they like all black sport players and their `` slang '' .
hate	noHate	But get the eyes wide open and lets rock attitude ... most will back off and go away ..... been there with ya !
hate	noHate	I want to have 3 children ! 2 girls and 1 boy but the hardest part now is i got to try and find someone to make them with , but so far no luck
noHate	hate	So you would refuse even other Nordic whites fleeing the brown chaos in the south ?
hate	noHate	If they have some marches and what not about showing pride in their culture you guys should go out and do the same If you could try and contact people you know in different cities and see if their willing to do the same .
hate	hate	No doubt they 'll be coming up with chocolate-colored Leprechauns and a Chinese flavored Uncle Sam 's too .
hate	hate	The only Mexican in town has since moved out and kids can now leave their bicycles in the yard without fear .
hate	hate	LOL GJ brother 10 points for the Uber humans and - 10 for the sub human ape creatures you are truly one bad mofo whitey crakker man
hate	noHate	What does any of that have to do with racial preservation and the resistance to the deliberate and calculated extermination of the White race and the destruction of western civilization which 99 % of the members of this site are concerned with ?
hate	hate	Although many have asked us to put it aside in politics , this thread is for all those who see where HATE FITS IN and why WE NEED THE HATE WAVE TO CONTINUE .
hate	hate	I know how you feel BreakTheSilence luckily this is your last year in school and it is almost over otherwise I would say you should look into independent study where you do not have to put up with all the filth that is in the public education system .
noHate	noHate	My father was born in Germany My mother 's parent 's moved from Ireland .
hate	hate	God please bless with wisdom the judge and jury against this group of thugs that they all might be hanged .
noHate	noHate	Maybe you 'll find it useful .
hate	hate	agreed, there is no reason to make genocide of other races as long as they are in another country and have nothing to do with our affairs !
noHate	noHate	Or make something in the internet against thi injustice some times is hit a global repercussion and can help this .
hate	hate	Thank you for posting this ! this disgusting lie will hopefully one day be addressed and corrected , at that point I would hope the world will see the Jews for what they really are .
noHate	noHate	Thanks for coming
hate	noHate	The white churches ' billboards look like lunch break at the UN .
noHate	hate	I seriously hope she dies in a fire one day .
hate	noHate	If you are not registered I think that maybe you will not be able to see this .
hate	hate	Stop showing off South Asian functional illiteracy .
hate	noHate	No I do n't support Nordic Superiority , but I have no problem with Nordic people who want a pure Nordic race to exist .
hate	hate	All of our tim hortons are staffed by those nast filipinos and every single town is full of Indians and asians .
hate	hate	God bless them all , to hell with the blacks .
noHate	noHate	Should the guy who sang cop killer also have a trial , because he tragted a minority , cops .
hate	noHate	It seems that what they are trying to say is that if you are white you are in the wrong place at the wrong time anywhere in the World .
hate	hate	Miami,( I do n't know how Don can stand living down there ) Hispanic - 279,456 ( 70.0 % ) Black alone - 64,993 ( 16.3 % ) White alone - 47,622 ( 11.9 % ) Asian alone - 3,649 ( 0.9 % ) Two or more races - 2,642 ( 0.7 % ) Other race alone - 676 ( 0.2 % ) American Indian alone - 361 ( 0.09 % ) Native Hawaiian and Other Pacific Islander alone - 58 ( 0.01 % ) Read more : Miami , Florida ( FL ) profile : population , maps , real estate , averages , homes , statistics , relocation , travel , jobs , hospitals , schools , crime , moving , houses , news , sex offenders
noHate	noHate	It almost reads like something out of a science fiction novel .
noHate	noHate	Ten to one they have a great father , too .
hate	noHate	nobody said I like him and I dont see the reason to like him to be honest WE HAVE ENOUGH CULTURAL HERITAGE FOR HUNDREDS OF GENERATIONS WE SHOULD BE PROUD OF WHAT WE DID NOT OF WHAT SOME AUSTRIAN DID !!!
hate	hate	I reported some time ago that negroes will even strip the bricks off your home while you are away at work .
hate	noHate	Next time you see someone with their pants falling down , just help them !
noHate	noHate	It is always nice to meet another person with roots in Kansas .
hate	hate	It's people like this that are the face that represents the filth of Islam .
hate	hate	There is nothing I would love to see more than the arrest , trial and execution of these murderous and genocidal Zionists !
noHate	noHate	A pile of burned offerings .
noHate	noHate	To me and the rest of my commrades on this wonderfull White Day !!! I hope you have loads of fun and be safe !!!!
hate	hate	Well Marco is a German patriot and musician who , in the sick minds of ZOG , committed the heinious crime of producing music for a local school .
hate	hate	He's a retarded feral negro ( yes , feral humans who cannot talk occasionally pop up , having been abandoned as children. ) .
noHate	hate	They probably stole a bunch of stuff .
hate	hate	But as for them adopting kids , the answer is NO .
hate	noHate	Or just stay the hell away from cheap , crap ar15s when you can get a damn reliable plinker for $ 700 brand new ......
noHate	noHate	Here's an example of red violence against patriotic St George 's Day marchers and a red site encouraging even more of it the next year . Stop the March for England 2013 ( from Rough Music ) | Brighton Anti-fascists
hate	hate	Sometimes I wonder if it is Because Whites are so much smarter that they find it harder to run together , as opposed to , independently .
hate	hate	If Canada was small the nonwhites would be everywhere but so many whites live rurally or in small towns so they do n't see the racial disaster unfolding on Canada .
noHate	noHate	it is better with a shaved head.A friend of mine was beaten really bad a year ago because they could have pulled him by his hair .
hate	hate	somebody``hcf''calledputin``ahero''!lololol!This``hero''finallytransformedformersovietjewnion in ``russian''judea!In this misery-torn country-are there-70 officially billionaries , tens f thousands millionaries , and tens of millions of poor and miserable who look for their pittance at the garbage places !
noHate	noHate	http://www.amv3.com/forum/viewtopic.php ? p = 5542#5542
noHate	noHate	And hey , we have not talked about women 's mitochondriat at all ?
noHate	noHate	Aragorn
noHate	noHate	Just Google it and you 'll see what I mean .
hate	hate	I've often pointed out that negroes are more stupid than I can even imagine if they actually think they 're gonna win any race war .
hate	hate	Its simple , they want to create white guilt , .
hate	hate	The only thing that they care about is welfare and mooching of all the rest of us .
noHate	noHate	Had a run in with a JAP tonight .
hate	noHate	They have properly learnt their Zionist lesson ...
hate	hate	And theres a good chance these children will end up race mixing back into the white gene pool , mongrelizing our race .
noHate	noHate	Yes, have you seen the Pancrase tornouments in Japan ?
hate	hate	God, it is sickening to see these young lives taken by feral negroes .
hate	hate	Africans are tall , thin and lanky and pretty ugly beasts . ... and I 'm just being kind .
hate	hate	the white race will soon be on the brink of being a minority in a few years if nothing is done to stop these vile hordes invading our lands , I for one do not want to live in a city like Bradford or Birmingham where we are outnumbered 2 to 1 or worse
noHate	noHate	I do n't go line dancing but I listen to country and want to live on a ranch or farm
hate	hate	If we do n't act soon they will bread us out .
noHate	hate	I noticed a lot of fat little white girls with monkey boyfriends .
hate	noHate	I tried to sign up there once & they refused to activate my account .
noHate	noHate	Agreed! rep will have to wait though .. Cheap money , massive bailouts of crony banksters , manipulated employment figures , etc , etc , ..
hate	hate	I'm sure the negro had it coming .
hate	noHate	The above poster is correct when we stop supporting then they 're in terrible danger .
hate	hate	Its a disgrace my sister has been on the waiting list for 6 years and their giving away houses to these scumbags
noHate	hate	Pathological killers , they are .
hate	noHate	I'm more of a grappler than a striker , I would lunge out with a windpipe grab and bring them down to the floor .... my record for KO' ing someone with a choke is currently 3 secs
noHate	noHate	I have a dominant personality and I look for the same thing in girls .
hate	hate	The Jewish race is without any doubt the greatest threat to the survival of the White race .
hate	hate	I do n't blame you , all the yucky nonwhite DNA pawing your food as they pass it over the UPC scanner , disgusting .
noHate	noHate	Border fence , what border fence ?
noHate	noHate	If her eyes linger ................................... she 's yours .
noHate	noHate	It 's where I discovered so many great people who are fighting for our cause .
noHate	noHate	I 'll post as much as I can , but I 'm more of a BNP supporter than an expert .
hate	noHate	The people running SA into the ground , want to wipe them all out .
noHate	noHate	2-Year-Old Dies Of Rape , Mammy 's Boonfren ' Charged - NNN Reporters Newsroom Forum Dekalb 2-Year-Old Dead ; Caregiver Charged Police Say Child Was Abused POSTED : 10 : 41 pm EDT October 2 , 2010 UPDATED : 11 : 51 pm EDT October 3 , 2010 Dekalb 2-Year-Old Dead ; Caregiver Charged - DeKalb County Headlines News Story - WGCL Atlanta
hate	hate	Living in a boarder state , Texas , the problems of illegal aliens is , naturally , a stark reality , and let me add that the only solution that I see is the implimentation of U.S. Troops as guards on the Mexican boarder .
hate	hate	Deanna Spingola and Dr. Lorraine Day - Zionism , the Holocaust , Aids and Vaccines YouTube - Deanna Spingola and Dr. Lorraine Day - Zionism , the Holocaust , Aids and Vaccines Listen/watch the full interview @ Deanna Spingola and Dr. Lorraine Day - Zionism , the Holocaust , Aids and Vaccines : Free Download & Streaming : Internet Archive www.DrDay.com www.GoodNewsAboutGod.com
hate	hate	So according to your logic since blacks have been in N.America for hundreds of yrs they should be allowed to stay ? and yes whites should leave africa .
noHate	noHate	Servents/maids , workers of some type ?
noHate	noHate	Idiotic.
noHate	hate	Piece of * * * * deserves to be shot .
noHate	noHate	Seriously Guys , It 's An Indian Symbol For Good Fortune - People Of Walmart : People Of Walmart
noHate	hate	Good luck with your bugchasing , homo . . .
noHate	hate	We have two things wrong here , Mexcicans in a White homeland and a Pizza company sending a female in harms way .
hate	hate	When I look at the Zimbawee 's Mugabe , I think `` Ape '' or `` Gorilla '' .
noHate	hate	I 'm sure I would have done great in public school if the Mexican gang members stopped kicking my * * * long enough for me to get my homework done ...
noHate	noHate	She was tortured and mutilated .
hate	hate	Interesting article about what to do with these evil persons who keep telling the truth and who don ´ t want to surrender ( in Danish )
noHate	noHate	I have decided to take this debate to pm .
noHate	noHate	Chicago Teachers Union president explains how to inject politics into math - YouTube Chicago Teachers Union president Karen Lewis explains how to politicize school math for organizing - EAGnews.org powered by Education Action Group Foundation , Inc.
noHate	noHate	Only the crazy ones stay .
hate	hate	Its about time we as a nation take matters into our own hands , over throw the government stop the white genocide deport all immigrants and establish a government to help indigenous white Britons rebuild this country .
hate	hate	The media wants to bury the story because they care more about homo killers not getting their sick fetish for young boys fufilled .
noHate	hate	They are beating each other to death everywhere , just look what they do to each other in Africa .
noHate	noHate	It offers certificates of completion for many courses .
noHate	noHate	Great link .
hate	hate	Why do n't White Europeans and Americans grow a set of balls , and deport these Black and brown animals from their countries ?
noHate	noHate	Its time for the return of Mosley 's blackshirts .
noHate	hate	Jews have been poisoning wells since Biblical times .
noHate	noHate	haha; im a 19 y.o white male from newcastle area - but im moving back to sydney very soon ( west sydney im afraid lol )
noHate	noHate	Whether or not one chooses to eat meat is a very personal decision .
hate	noHate	I do get my Theirs , theres and they 're , mixed up sometimes but i was educated under Labours rule so i cant be completly to blame .
noHate	noHate	- = Wulfi = -
hate	noHate	We are cooking a duck on the rotisserie , catch the fat drippings and cook little potatoes in that , its delicious , we 're also cooking a small turkey , mashed potatoes , carrots , pumpkin pie and butternut squash cut in half and baked with butter and brown sugar .
noHate	noHate	Absolutely.
noHate	hate	Hi Im tv free do n't have kids yet reading mending , sewing , menting board games radio study extra curricula actives Good on you for planning a FREE jewv existence
noHate	noHate	It 's more fun that way , too .
hate	hate	It's weird most Indians dot and to an extent feather that I deal with hate blacks more than they do whites and find blacks to be lazy and worthless .
noHate	hate	some times Whites are forced to live around a lot of blacks .
noHate	hate	I always thought it would be cool if somebody covertly set off a nuke in Kashmir , and then we all could sit back and watch as the Paki 's and Indians nuke the scheiss out of each other .
hate	hate	I'm glad you pointed this out that anti-Bullying campaign has been used to promote homosexuals who are more likely to bully anyone who disagrees with them .
noHate	hate	This guy seems to get it but otherwise : Sorry jigs , you 're on your own
noHate	noHate	Please stop this nonsense all of you !
noHate	noHate	I 've seen shots with a .45 , where people walked around angry .
noHate	noHate	I live in a suburban area with an old spring fed lake that always has water in it .
noHate	noHate	My buddy 's boat is anchored beside it .
hate	hate	you just say blacks hate the cold. the only reason they are good athletes is because when you have to run lions and tigers you get fast or eaten .
noHate	hate	These ' niggas ' .
hate	hate	Americans and Irish understand each other better than Spaniards and the beaners .. the US and Ireland are the 1st world so they are educated unlike the beaners .
noHate	hate	I considered it being `` ethnically cleansed '' from my childhood home
noHate	hate	Blacks hate whites .
noHate	noHate	It was probably written by a 15 year old .
noHate	noHate	Everything is machined to well today mlst stuff is plug and play .
noHate	noHate	www.sjca.edu St. John 's College , Santa Fe , N.M.
hate	noHate	Of course the county is lovely , in facts its gods country in our book BUT the cities are rat infested with enrichers , just how the country is isnt it .
noHate	noHate	you gotta stand up for yourself you cant just sit back and take their * * * * but on the other hand you cant go out looking for it either but if it comes down to a fight dont back down
hate	hate	Back when I was a kid , even the black folks called them that .... `` Ooohhh I' z cai n't wait until Crimusz , I' z gonna get me sum of dem niggah-toes and oranguz fo ' Crimusz , an ' sum peppahmintz ; dey shoa iz gud ! ''
noHate	noHate	At the resturant , the Pres. of Hamms orders a Hamms , the Pres. of Schlitz orders a Schlitz , the Pres. of Budweiser orders a Bud , and the Pres. of Guiness orders a cup of tea .
hate	hate	Laugh it up ape cause without yt to protect your race Asians will probably do the world a favour and wipe your kind from the face of the Earth .
hate	hate	Maybe they will be resettled deliberately as refugees or maybe they will come for the women like the chinese men are doing .
noHate	noHate	I hear that McDonalds is coming to their aid .
hate	hate	I heard about it is it about that white guy that killed that race traitor slut and her nig nog boyfriend ?
hate	hate	An Irish prison is like a luxury hotel where they come and thats even if they get sent to prison and thats if they get do n't flee the country and thats if they get caught doing the crime ... so crime does pay in Ireland .
noHate	hate	Back to where ya came from !
hate	hate	This family that wants to complain about gays should come to San Francisco and raise some hell at these gay pride events .... a much better target ..... and these people in San Francisco openly blasphemied Christ with their parody of ' The Last Supper `` as their poster for their last event .
noHate	noHate	I've tried to meet for coffee with a few people but everybody is really spread out , it 's tough to find the time to go out and meet like minded people .
hate	noHate	I was sure that they were lying about the numbers and it 's must be the same in every country IMO .
hate	noHate	We say here that if we want to be lied to just watch the news !
noHate	noHate	Now i just dont know what to do or think anymore .
noHate	noHate	Sardines and anchovies , for example , are basically 100 % safe .
hate	hate	ZOG is getting rid of every White-dominated area in the world .
hate	hate	We need to deport all nonwhites immediately , that or stop letting more in and sterilize the ones here , that will fix the problem .
hate	hate	Only a f' n jew would have the nerve to hide away in a black country , a fugitive from US law , while making campaign promises at the same time as suing the company he defrauded .
hate	noHate	These people who want foreign aid increased are the same people who walk past irish people living rough on the streets and they do n't care about the old people who the government ignores .
hate	hate	Lay her off and cart her back to India where she can poop in the Ganges river next to her dead grand parents .
hate	hate	In the eyes of the Jew and the libtard there is a race problem and the problem is us !
noHate	noHate	Richland County deputies say Cason killed his estranged wife , 38-year-old Letitia Cason , at an apartment on Smallwood Road in Northeast Richland County Deputies : Murder Suspect Shoots at Officers , is Taken Into Custody wltx.com | Columbia , SC News , Weather and Sports |
hate	hate	I am sure California is full of sick self hating whites , who think that for the good of all the black brown and yellow peoples of the world , whites need to commit racial suicide and disappear from their face of the earth for their sake and wo n't that be just dandy !
noHate	noHate	But millions can believe a lie for centuries upon centuries , especially when you make investigating the story a crime .
noHate	hate	Ethnic crime never ends it seems .
noHate	noHate	But it does have a feminine sound .
noHate	noHate	I am going to try and update my site soon , I did however add a chat room .
noHate	noHate	You are joining a unit that is famous for its great spirit and effectiveness at awakening our kinsmen .
hate	hate	Why would they let blacks live ?
hate	noHate	Hey, do you think we are going to get into a fight between European countries about who all are going to get those Guantanamo prisoners ?
hate	hate	They will eventually kill off the whites and go back to the jungle ways .
hate	hate	Exactly, they want us to lay down and die .
hate	hate	Explain how liberals are liars and anti-White and tell her about crime statistics .
noHate	noHate	Has anyone claiming this method been able to make even one block like that with wedges water and copper tools ?
noHate	noHate	Its got to be a quote from someone .
noHate	hate	Dude stink bomb this event , when it gets dark , chuck a bunch of them on the floor , different spots , when the chimps start jiving and grooving , they will step on them .
hate	hate	why did god give negroes good rhythm ?? because he messed up their lips , hair , nose and skin so yes they are ugly !!!!!!!!!!!!!!
hate	hate	I'm heading down to DC to put a sign on the White House gates that will read : ' No savage negro BEASTS in the White House ! '
noHate	noHate	This is my next read .
hate	hate	The chairman of the FA is one David Bernstein and , yes , he is a member of a certain tribe that delight in bringing diversity and the benefits of multi-culturalism and ' anti-racism ' , along with boatloads of third-worlders to Britain .
noHate	noHate	hey whats up i 'm new on here and i would like to have someone to talk to so hit me back for whatever
hate	hate	They need the white male distracted as much as possible and of course the glorification of the groid ; two birds one stone .
hate	hate	In all likelyhood , it 's jews painting the road of skank for her to follow .
hate	hate	Even if they do stop pouring in most of those that are here have no intention of going back to poland .
hate	hate	And now this clip suggests they were suffering by having to live among heartless and barbarian Whites .
noHate	noHate	What did those poor monkeys ever do to you ?
noHate	hate	As a nation , we are in desperate need for an immigration time out and a zero tolerance policy for those here illegally .
hate	hate	I would like to say and I can proudly say that there are no jews in Iceland , those that tried to get here were all sent back to Germany ...
noHate	noHate	The ability to run really quietly and lots of chloroform .
noHate	noHate	A 750 lb boat with a 280 hp motor .
hate	hate	Then we will see who is afraid to leave thier homes after dark or venture into the wrong ' hood .
noHate	noHate	My favorite part : And still he ca n't see the truth right in front of his face .
hate	hate	When I was last time in South Africa , we went to Sun City and saw little black monkey children swimming , funniest thing was watching drying water off their faces , it looks exactly like baboon or something , way they do it , whites have certain mannerisms with doing things , they have completely ape-like ones .
hate	hate	All you need is to cut off it 's head and the rest of the problems will crumble away with ease
hate	hate	DuetschGirlTX, No I live in a tiny ass town where i am only one of 100 white folks ( maybe less ) . near San Antonio. there are so many dirts around and they all stick together. so when it comes to a White Girl in this town i gotta have my own back ALWAYS Is that where you are ?
noHate	noHate	Please let me know if there is anything I can do .
noHate	noHate	Was n't Bill Clinton the first `` black '' president ?
hate	hate	Hopefully they will leave YT alone and just deal with the Nigerians when they start chimping out in the streets .
noHate	noHate	damn! at least that sounds more plausable than a stupid sea. maybe look on ebay ??? are u sure there is none left ???
noHate	hate	You Anglo-Americans are all welcome to England if you can perform the ' small ' task of riding London of it 's ethnics !
noHate	noHate	I would love a house .
noHate	hate	Maybe God was punishing them for their interracial marriage .
noHate	noHate	Now I get it !
noHate	noHate	No .
hate	hate	I am not going to be beat down by a dyke , fag , or coon .
hate	hate	There are so many race mixing ads on TV that it gets overwhelming .
noHate	hate	On a short holiday , Go back and do something about your own country and stop putting crap on our doorstep !
hate	hate	By their words and deeds , they declare themselves to be staunchly in favor of the genocide of our people .
hate	hate	Israel arrests him i bet Lentin and co are very happy.All students looking in see what scum the Jews are.Details here www.normanfinkelstein.com
noHate	noHate	If you come down n ' around Sacramento California area send me a message .
hate	noHate	now that ye mention it he does look a bit like this traveller i knew. i wonder if we gave him a wash would he really be a white guy with red hair ?
noHate	noHate	Any bother u go on lock down no one gets out the cells so its not that bad prison is 24 hour boredom ..
hate	hate	The problems start when you start to accommonadate these people in the first place ! , give an inch and they 'll take a mile ......
noHate	noHate	Ya got a virgin shooter .
noHate	hate	I got sloppy seconds after some Muslims used this girl .
noHate	hate	To me it means that Jewish supremacists will never again allow Whites to have a say .
noHate	noHate	You need to ask this when the Obama Administration instructed the IRS to target conservatives ?
noHate	hate	Keep Russia free from dark skinned beings !!!! thank you and please forgive me for mistakes .
noHate	noHate	INTJ Introvert ( 11 % ) iNtuitive ( 38 % ) iNtuitive Thinking ( 38 % ) Judging ( 22 % ) You have slight preference of Introversion over Extraversion ( 11 % ) You have moderate preference of Intuition over Sensing ( 38 % ) You have moderate preference of Thinking over Feeling ( 38 % ) You have slight preference of Judging over Perceiving ( 22 % )
hate	hate	I could never picture the site of one of the women of the Holy Rus shacking up with some Islamic mud from that fithy , impoverished , and godforsaken mountainous * * * * hole !
hate	hate	The kikes probably put the Leftist up to it , to make it seem like they do n't have total control of everyone .
noHate	noHate	2 .
noHate	noHate	I take it you are a little person then .
noHate	noHate	if they have the same help here in Quebec , i would like too say congratulation pitbull-A.G. and i hope you have lot of new white resident in your city
hate	hate	I 'm angry against myself for just letting this whole world drown into a jewish cesspool .
noHate	noHate	When the homos tried to have a fag pride parade in Serbia a few years ago they were beaten up .
noHate	noHate	Neither of the Diaz brothers are very bright but they generally come to fight .
hate	hate	You can stop this by getting a dead pig and bury it underground where the mosque will be built .
noHate	hate	It 's going viral on Youtube - warning the lesbian ' groid gets aggressive on the whites for whatever reason : YouTube - Video Caught On Tape Lesbian Or Young Man Going Wild On BART Train In Oakland !
noHate	hate	If you want to hear what a black `` intellectual '' ( lol ) sounds like , check out the woman in this video trying to debate Dr. William Shockley .
noHate	noHate	And some people say that the Klan is n't doing anything today to make a difference .
noHate	noHate	Hello Everyone on Stormfront Have heard a lot of good things about this forum so I have decided to take the plunge .
noHate	hate	Check out this youtube channel i found , i agree with most of what he says Diversity DESTROYS Social Cohesion in the West - YouTube
noHate	noHate	I'm too lazy to reread , did he say ' Teacher `` or '' Teacher 's asst . " ?
noHate	noHate	14 !
noHate	hate	They do what they always do take something of someone else 's and make it their own .
noHate	noHate	I remember when I was at my college during the Holidays ... every single holiday would be mentioned loud and clear except for Christmas ... especially kwanzaa .
noHate	noHate	Only scored a 120 .
hate	hate	Those boys will use the plastic whisks as swords , and the girls ' lego creations will consist of dollhouses for the few white dolls , with the dark ones in the adjoining farm pen .
noHate	noHate	Oh, I forgot to say where I lived .
hate	hate	While they are in prison the kikes should get the same food the regular prison population gets ...
noHate	hate	If I was Ukrainian , I 'd sign a pact with devil himself to get rid of jewdo-islam Putinistan AKA Russian Federation ....
noHate	noHate	After knocking back a few guinness we got pretty hungry and he said he knew a great place to go get some food , i was disgusted when he brought me to a chinese restaurant .
hate	hate	The White race is best because when the Creator made Whites , He made them better than He made the other races .
hate	noHate	Here are the CDs I want to sell : Beethoven : Symphonies Nos. 5 & 7 - Kleiber Beethoven : Symphony No. 9 - Furtwangler Bruckner : Symphony No. 9 - Furtwangler Handel : Music for the Royal Fireworks ; Water Music - Marriner Howard Hanson : Orchestral Works - Schermerhorn J.S. Bach : Great Organ Works - Hurford Norwegian Classical Favorites - Engeset The Best of Baroque Music - Edlinger Twilight of the Gods : The Essential Wagner Collection - Dorati , Karajan , Sinopoli , Bohm , Gerdes , Kubelik Most of these were recommended by fellow Stormfronters .
noHate	hate	I'm not sure what sort of information you 're seeking but I recently found a number of Blacks who have been convicted for knowingly transmitting HIV/AIDS : Kouassi Adaye http://news.bbc.co.uk/2/hi/uk_news/e...de/3389735.stmJohnsonAzigahttp://en.wikipedia.org/wiki/Johnson_AzigaStanislasKanengele-Yondohttp://en.wikipedia.org/wiki/Stanislas_Kanengele-YondjoTrevisSmithhttp://en.wikipedia.org/wiki/Trevis_SmithAdrienSylverNduwayohttp://www.thenownews.com/issues06/0...031206nn2.htmlWillieAtkinshttp://www.dallasnews.com/sharedcont....32a4d9fd.htmlNushawnWilliamshttp://en.wikipedia.org/wiki/Nushawn_WilliamsSimonMolhttp://en.wikipedia.org/wiki/Simon_MolEversonBandahttp://www.dailymail.co.uk/pages/liv...=5&expand=truePeterMwaihttp://www.crime.co.nz/c-files.asp?ID=36WilliamKaranjahttp://www.amren.com/mtnews/archives...n_rapist_j.phpLinkoyMuhurihttp://news.bbc.co.uk/2/hi/uk_news/e...on/3256352.stmMohammedDicahttp://news.bbc.co.uk/2/hi/uk_news/e...on/3190626.stmFestonKonzanihttp://news.bbc.co.uk/2/hi/uk_news/e...es/4267433.stmGabrielVengesaihttp://www.dailymail.co.uk/pages/liv ... n _ page _ id = 1770
hate	hate	Blacks in South Africa wondering why their country is going to hell when they put Blacks in charge .
hate	noHate	I have one word for you ....... MOVE . We chose this area because we wanted our children to go to all white schools .
noHate	noHate	I was just debating with myself whether I should go to bed or have one last beer ...
hate	hate	They will kill there own just as fast as they would kill there enemy .
hate	hate	Then again , in this modern age of white youth emulating negroes and white adults groveling at the feet of the juden , perhaps it 's an appropriate word after all .
hate	noHate	I'm in Australia and I want it to be done and over with , my mum is constantly going on about the Olympics like it 's a big deal .
hate	hate	Hi everyone .... I 'm from Slovenia and I utterly hate every living muslim in this world ....... and I despise even the dead ones
hate	hate	Whites have the following Too many abortions , too many mixed marriages , too many no kids marriages , and too many liberals .
hate	hate	Those poor kikes they cant even escape antisemetism in the country were it is punishable by death ( I am talking about palestinians )
noHate	noHate	Has anybody pointed out that Finland is n't part of Scandinavia yet ? ( Hur gick det i Finnkampen , vet ni det ?
noHate	noHate	Providing From Finland does n't kick my ass and throw me overboard ... coming or going .
hate	hate	So sick of the way its working , I remember when I was growing up in Winnipeg the little shops were all white runned and owned and would hire people from the community and it was great it helped people and kept streets safe even though me and others would cause some bull * * * * it wasnt anything to how it is now .
noHate	noHate	Everyone on my MSN gets all manner of pics ( ) but I 've never put any up here so here goes Some pics from about a year ago and a small anigif from a week ago heh Robin
noHate	hate	I just need to turn on a tv and I see it advertised everywhere , mostly African apes with attractive white woman .
hate	hate	There have been times when I have walked past some nigerian or skinny and they will cough with hand at their side without care for those around them .
noHate	noHate	Lets keep it that way and not destroy it Check out this ice cave in Dobšiná Its frigging cold in there
hate	hate	Wasn't there something like a big bang in which a burrito exploded and all the beans flew everywhere and started reproducing exponentially ?
hate	hate	Well, at least these dumb negroes got the fact that Jews are evil right ; though I suspect whitey and the jews are one in the same to their primitive minds ...
noHate	noHate	Slavic peoples make up some 34 % of European population .
noHate	hate	Too many libtards , I would n't waste my time there .
hate	noHate	Notice the video title , whenever there is a fight between a white and non white , the white is always the racist
noHate	hate	God forbid anyone should promote straight racially loyal hetrosexuality Diablo
noHate	noHate	There are only eight people living within a mile of my house , and none closer than a quarter-mile .
hate	hate	Of course , they are more virile than us , so that would n't happen would it ?!!!
noHate	noHate	TY!
hate	hate	The red scum will never wake up , ignorant lefties fight for `` their class '' when their making a mockery of their culture and heritage . commie scum ..
hate	noHate	These people have no idea about who they are or where they came from and any knowledge that they do have has guilt attached to it .
hate	noHate	Our country is being over run and people let it happen just because the political issue here seens to take over the racial one .
noHate	hate	More impulsive Negro stripping ...
hate	hate	Nearly everything if not all acts that the liberals carry out damage this nation and our people .
hate	hate	The only good thing about Indians is their married women are so loose that prostitution fails in Indian areas .
hate	hate	Tralee is a disgrace , the place looks like a town in africa nowThe day Ireland becomes a muslim country is the day i stop breathing !
noHate	noHate	Hi i need some information to understand the meaning of the negrogreek homo and the race-mixer tag of the HELLENIC THREAD .
noHate	noHate	More black-on-white hate crime videos are posted here : http://ethniccrime.blogspot.com/p/ra...-on-video.html
hate	hate	Except , of course , for those that pander to the filthy sons and daughters of Satan like ' ol Sandra here .
noHate	hate	If that stopped the worthless thing would starve !
hate	noHate	Lions , Tigers , Cheetahs , etc are all cats but they ai n't the same .
hate	noHate	I've told my friends and all of them agree with me ( some only partially ) .
noHate	hate	I heard from friends in Boston this is true.Blacks will attack an Irish America with a shamrock tattoo.How long before this happens in Ireland ?
noHate	noHate	great posts. see how the media has been lying to us for decades about what actually happened and what it was actually all about .
noHate	noHate	Right.
noHate	noHate	I do n't think so .
hate	hate	Teach our men to be men again and defend our countries and women folk against the non white .
noHate	noHate	nice to see another maritimer , the south shore is a beautiful place , i ride down that way a lot on my harley , i live in the annapolis valley .
noHate	noHate	I 'll be at that show AND I 'm a brunette .
noHate	hate	When I watch things like this I pray God will have vengeance on these sub humans even if they have asked for forgiveness .
noHate	hate	To hell with what this creature thinks anyway .
noHate	noHate	BTW .. update coming soon with info on my drive back to Florida .
hate	noHate	the money he is giving away to refugees and the third world is money Canada does not even have !
hate	noHate	I got stuck next to a really huge black woman who stunk to high heaven , and spent the entire ride with my face as close to the window as I could get .
noHate	noHate	I see pro and cons of both .
noHate	hate	Like I said before I 'd bet 90 % + have Liberal parents .
hate	hate	18 times in the last 20 years It 's time for the next generation to fight back to regain our country ..... the baby boomers will lose it for us if we do nothing .
hate	hate	How much longer are we going to wait for them to take care of themselves ?
hate	hate	The white man has no future in Canada , that is for sure , because the country is being flooded with non-white immigrants .
hate	hate	I will at least never willingly pay to see this propaganda , maybe just watch it for free to show the influence the jews have got in the white genocide to people .
hate	hate	I have a dream - one of these days Black occupation of America will be history !
hate	hate	I think it is a bit late to think to look after the safety and the future of white people in South africa .
hate	noHate	I 've taught her to question everything that they teach her .
hate	hate	In Eternal Combat with that Satanic Spirit - The physical incarnation , creation of the Demiurge : The Jews .
hate	hate	The problem is that through western elites we have to feed and look after useless savages like malema .
hate	hate	what about it. that 's exactly what I said and I meant every word he thought I might and that was enough and with you two talking behind my back like some jew what do you expect me to say have a nice life .
hate	hate	Instead it is the athletic negro Holyfield 11 kids , Mike Tyson 7 kids , Riddick Bowe 5 kids , George Foreman 10 kids who procreate like apes and spread these athlete genes along .
noHate	noHate	Listening now .
hate	hate	Its only a matter of time until we become a hell hole like Sweden or the UK .
noHate	hate	That 's to assume the gay ones are n't abusive .
hate	hate	This is the argument homosexuals use to justify their behavior , that because there are no `` red letters '' about it , then homosexuality is not a bad thing .
noHate	noHate	I believe Abraham 's faith was tested by God when he asked him to sacrifice Isaac , the quran falsely claims it was Ishmael .
noHate	noHate	This is where their `` I 'm a bad ass , I can do whatever I want '' attitute comes from .
noHate	noHate	First off they probably wont do anything , second off dont start anything .
hate	hate	Both Asians and whites are composed and calm and blacks seem to have no self control .
hate	noHate	That type of negroes call your kind of brothas , Uncle Tom .
noHate	noHate	Welcome to Stormfront , the largest White Nationalist community on the web .
hate	hate	- `` Something about black '' and the old favorite `` Once you go black you never go back ''
noHate	noHate	This whole situation starts to become really bizarre .
hate	hate	Why not just kick out all those Africans ?
noHate	hate	The Official Website of the British People 's Party A few unpleasant truths re. the zionist ass lickers of the DUP
hate	noHate	I do n't think anyone is insinuating that we are equal to non whites , or that we would ignore white nations .
noHate	noHate	Hi, I am 26yo from Glendale AZ .
noHate	noHate	Pure .
hate	hate	A public execution for these animals would go a LONG way to point to justice being done ; it would never bring the girl back ; but I guarantee it would send a message ............................
noHate	hate	Oh yeah , no mugshot picture on the page of course , you have to watch the video report to find out it was yet another case of TNB .
hate	hate	I do not think anyone looks up to white Negroes , just the black ones and then they become wiggers .
noHate	noHate	Seattle bus attack on a blind woman : YouTube - Broadcast Yourself .
noHate	noHate	The work involves : selling sporting goods and assisting customers with questions or problems .
hate	noHate	Some of them claim that they would like to go back home one day but after a few years in Finland they will no longer have this wish .
hate	noHate	More than that I cringe every time I go to hang out with my friends and they blast this filth in their cars and homes .
hate	hate	Most of these videos belong on the Animal Planet tv channel .
hate	noHate	And meanwhile , Gerry Gerry Dingleberry is trying to kill off future generations of Irish .
noHate	noHate	I was trying to find out if the Egyptians were white or not and my search brought me to a thread on this site .
hate	noHate	That has been proven many times over by the Jew media in the U.S !
noHate	noHate	Pretty soon , there 's not going to be anywhere left to run .
noHate	noHate	White speech is Hate ....
hate	noHate	Comparing these pictures to pictures with serbs I do n't see much difference between them and albanians , the same Dinaric and Mediterranean subtypes .
noHate	noHate	There have been more people coming on this board that live in the central Wisconsin area since I have started coming on here .
hate	noHate	I take the assumption that your Nation is so crap is not worth remembering .
hate	hate	Did they put that Groid 15 next to Rooney just to make Rooney look at least half-human ?
hate	hate	I just refer to them as primates as through THEIR evolution process they are just a little bit higher on the evolutionary chain which makes them all the more dangerous to whites , than any of their animalistic cousins .
hate	hate	What I do know is that I live on a small Island and it seems that a lot of people from various countries in the world are willing to desert their homelands and their families just to come here , in my mind that tells me a lot about said people and their home countries , most of all it highlights their weaknesses of how their own countries have let them down and how they feel the need to feed off somebody elses country , how should we English interpret this without sounding rude ??? , locust ??? , parasite ??? , you tell me .
noHate	noHate	I 'm hoping things will continue to grow with our smaller meets and will make for a good turn out at our events this year !
hate	hate	Sadly, I think the government would step in if we tried to stop the lesser races from moving into our land .
hate	hate	Then we can all live in a global utopia with the Jew running the show - cant wait Nothing short of a brain transplant is going to raise a Negroes IQ .
hate	hate	Most white girls are taught and brainwashed to love black guys , only way is to properly educate them and show them what savages they truly are .
noHate	noHate	Hi i have not been on here in ages .
noHate	noHate	Wolf 278
noHate	noHate	Enjoy your classroom .
hate	hate	I bet they wouldnt have done that crap to a black person that had black power or those black fists that the panthers use written on his back pack .
hate	hate	They laugh at whites who obey the law , bother to get married , women who are chaste .
noHate	noHate	They 're music is one of the reasons I decided to become a white nationalist in the first place .
hate	hate	They 're probably as high-maintenance as one of those crappy old East German Trabants , though .
hate	noHate	And my job lets me monitor all of Jewish supremacist control of talk radio .
hate	hate	It makes my flesh crawl when I see white girls having to be felt up as they walk down the hallways by big lipped spear chuckers. : attack
hate	hate	It just goes to show that the IRA are just criminals and not freedom fighters as they claim .
hate	hate	The majority of them are as stupid as real Negroes .
noHate	hate	If it 's black , send it back .
hate	hate	Those in the countries you mentioned are the mongrel offspring between whites ( Aryans ) and Arabs and its funny how those of the East who claim to be the Aryans talk about white people who came and mixed with them and the only Aryans apparently in the East are those with light skin and blue eyes .
hate	hate	The Black race is yet to invent any kind of civilization .
hate	hate	The future is ours , as long as we do not sit by and wait to be overrun by the subhumans .
noHate	noHate	saysay.jpg say say with a candle 2.jpg This is my nearly 3 year old cat called Say-Say .
noHate	noHate	I really do hate rap music .
noHate	noHate	See the new thread @ https : //www.stormfront.org/forum/t989503/
noHate	noHate	Sometimes I do watch shows about WWII on the History channel but other than that I never watch it .
noHate	noHate	It 's a pretty powerful documentary that blew me away .
hate	hate	Like the parasites they are they simply moved to a new host , to continue their destruction of Western White civilization and culture
hate	hate	Their lies are so thick and many that people do n't see the truth when it is in front of them !
hate	noHate	We knew that these structures were built by sub-saharan blacks in the same way we knew that the civilization Greek and Romanian built by white Europeans .
